Date,OPEN,HIGH,LOW,PREV. CLOSE,ltp,close,vwap,52W H,52W L,VOLUME,VALUE
3/9/2023,439.1,442.05,431.3,439.3,432.45,432.2,435.16,494.4,366.2,5696737,"2,479,000,288.75"
3/8/2023,439,441.25,436.1,440.1,439.2,439.3,438.57,494.4,366.2,7850052,"3,442,758,562.70"
3/6/2023,430.95,441.45,430,428,440.5,440.1,437.38,494.4,366.2,11307064,"4,945,464,572.30"
3/3/2023,422.6,430.5,421.95,420.45,427.85,428,426.38,494.4,366.2,8027522,"3,422,737,474.30"
3/2/2023,426,426.25,419.55,426,420.8,420.45,422.29,494.4,366.2,5661103,"2,390,619,755.30"
3/1/2023,421.5,428,421.5,420.7,426.1,426,425.74,494.4,366.2,7595114,"3,233,560,212.05"
2/28/2023,419,424.8,419,417.95,420.65,420.7,421.85,494.4,366.2,9652088,"4,071,686,157.50"
2/27/2023,427.75,428.05,413.05,427.75,418.55,417.95,418.13,494.4,366.2,10438928,"4,364,809,298.30"
2/24/2023,435.4,436.7,427,433.2,427.4,427.75,429.41,500.4,366.2,7895024,"3,390,173,527.20"
2/23/2023,428.65,436.45,427.2,429.45,435,433.2,432.39,500.4,366.2,9278920,"4,012,130,316.60"
2/22/2023,435.3,435.85,428.25,436.5,428.8,429.45,431.2,500.4,366.2,7209130,"3,108,542,015.10"
2/21/2023,445.2,445.2,435.25,443,436.2,436.5,440.11,500.4,366.2,8957930,"3,942,499,886.25"
2/20/2023,441.8,445.3,436.25,439.9,442.15,443,441.37,500.4,366.2,9717197,"4,288,869,342.40"
2/17/2023,436,442.45,436,441.6,439.6,439.9,440.3,511.5,366.2,6955445,"3,062,455,950.25"
2/16/2023,445,448.25,440.5,444.15,440.85,441.6,443.43,511.5,366.2,7670688,"3,401,448,898.50"
2/15/2023,438.5,444.9,438.15,440.55,443.65,444.15,441.35,511.5,366.2,9857016,"4,350,353,618.35"
2/14/2023,442,444.3,434.4,441.05,440.8,440.55,439.74,511.5,366.2,8565559,"3,766,584,785.50"
2/13/2023,445.5,446.9,438.9,445.85,441,441.05,441.95,511.5,366.2,8333767,"3,683,146,606.05"
2/10/2023,437.95,447.8,431.2,436.75,444.4,445.85,440.73,511.5,366.2,14798390,"6,522,076,821.95"
2/9/2023,440,440.7,433.55,440.1,436.8,436.75,436.02,511.5,366.2,7349418,"3,204,465,989.70"
2/8/2023,435.45,441,431.55,435.45,440.05,440.1,437.21,511.5,366.2,8668267,"3,789,895,025.35"
2/7/2023,441.7,443.4,432.9,442,435.3,435.45,436.64,511.5,366.2,9023645,"3,940,063,886.30"
2/6/2023,444.45,447,439.55,445.45,441.7,442,442.71,511.5,366.2,6795084,"3,008,254,384.10"
2/3/2023,447,450.8,442.35,444.8,444.75,445.45,445.83,520,366.2,13067403,"5,825,882,651.35"
2/2/2023,446.75,449.2,440.7,446.65,444.4,444.8,444.35,520,366.2,11344554,"5,041,005,372.05"
2/1/2023,456.8,461.5,437.65,452.1,446.35,446.65,452.16,520,366.2,23798589,"10,760,685,912.05"
1/31/2023,443.7,454.8,440.9,443.65,451.5,452.1,450.19,520,366.2,25154475,"11,324,204,933.50"
1/30/2023,445.6,450,437.65,445.6,443.55,443.65,443.81,520,366.2,18316743,"8,129,180,071.90"
1/27/2023,438,453.4,435.15,419.05,445.25,445.6,444.86,520,366.2,63360467,"28,186,509,532.55"
1/25/2023,423.75,427.25,417.7,422.15,418.6,419.05,420.93,520,366.2,22975581,"9,671,023,651.60"
1/24/2023,410,424,410,408.4,422,422.15,419.81,520,366.2,30197475,"12,677,158,297.25"
1/23/2023,407,410.95,405,403.15,408,408.4,409.03,520,366.2,13113183,"5,363,652,738.90"
1/20/2023,404,412.5,401.2,400.75,402.95,403.15,406.24,528.5,366.2,23906114,"9,711,559,781.25"
1/19/2023,406.5,407.8,400.1,408.4,400.75,400.75,403.93,528.5,366.2,13126520,"5,302,207,443.40"
1/18/2023,415.9,415.95,407.45,415.3,408.8,408.4,409.94,528.5,366.2,13310316,"5,456,489,501.00"
1/17/2023,413,419.45,412.5,413,414.7,415.3,416.64,528.5,366.2,12337969,"5,140,469,409.20"
1/16/2023,413.5,414.9,407.6,411.5,412.9,413,411.4,528.5,366.2,11462140,"4,715,566,789.30"
1/13/2023,413,416.35,408,412.25,411.7,411.5,411.59,528.5,366.2,10449630,"4,300,974,443.00"
1/12/2023,420.3,420.5,410.05,418.2,412.2,412.25,414.69,528.5,366.2,12479034,"5,174,961,009.80"
1/11/2023,415.75,420,413.55,412.9,417.2,418.2,417.61,528.5,366.2,22224361,"9,281,097,362.10"
1/10/2023,400,417.75,400,389.45,412.5,412.9,411.86,528.5,366.2,54021379,"22,249,491,445.35"
1/9/2023,386.35,392.7,385,382,388.95,389.45,389.87,528.5,366.2,14693099,"5,728,445,417.50"
1/6/2023,386.1,388.4,381,386.9,382.05,382,384.04,528.5,366.2,8715469,"3,347,121,640.85"
1/5/2023,387.9,388.75,382.5,385.6,387,386.9,386.13,528.5,366.2,10443908,"4,032,691,650.75"
1/4/2023,394.8,394.8,385,393.9,385.75,385.6,387.3,528.5,366.2,16121049,"6,243,666,263.20"
1/3/2023,396,398.35,393,394.8,393.9,393.9,395.21,528.5,366.2,9431220,"3,727,287,418.50"
1/2/2023,392.5,396,391,387.95,395,394.8,394.17,528.5,366.2,10501357,"4,139,354,568.30"
12/30/2022,391,392.2,387,385.9,388,387.95,389.76,528.5,366.2,9198673,"3,585,267,095.30"
12/29/2022,389,390,383.05,391.3,386.5,385.9,385.43,528.5,366.2,15627403,"6,023,203,992.15"
12/28/2022,394,395.9,390.4,394.15,390.75,391.3,392.83,528.5,366.2,8443917,"3,317,009,457.40"
12/27/2022,390,397.45,388.5,384.8,395.1,394.15,393.86,528.5,366.2,14372461,"5,660,708,159.70"
12/26/2022,380.25,390.7,375.2,378.35,385.5,384.8,385.1,528.5,366.2,16979026,"6,538,630,886.55"
12/23/2022,390,390,377,394.45,378.5,378.35,381.94,528.5,366.2,19902886,"7,601,662,665.90"
12/22/2022,404.1,404.7,390.2,402.6,394.7,394.45,395.24,528.5,366.2,14908929,"5,892,630,005.75"
12/21/2022,412.6,414.4,401,410.5,402.15,402.6,407.27,528.5,366.2,11606059,"4,726,814,262.45"
12/20/2022,418,418,408,418,409.95,410.5,410.96,528.5,366.2,12341042,"5,071,647,700.85"
12/19/2022,421.9,422.85,415.5,421.6,418.05,418,418.14,528.5,366.2,9809103,"4,101,608,096.90"
12/16/2022,417.35,427.8,413.1,416.7,422.6,421.6,420.49,528.5,366.2,50949198,"21,423,514,687.05"
12/15/2022,418.85,422.8,415.7,417.9,416.7,416.7,419.33,528.5,366.2,7542601,"3,162,833,598.00"
12/14/2022,420.55,421.35,417.35,418.5,418.35,417.9,418.94,528.5,366.2,6314883,"2,645,561,123.20"
12/13/2022,419.95,421.5,417.25,414.15,418.5,418.5,418.97,528.5,366.2,9717894,"4,071,475,685.65"
12/12/2022,412,416.9,408,413.3,414.4,414.15,413.94,528.5,366.2,8009229,"3,315,324,830.00"
12/9/2022,419.3,420.95,409.55,417.2,413.2,413.3,414.81,528.5,366.2,9920219,"4,115,039,075.55"
12/8/2022,421,421.4,415.35,420.1,418,417.2,418.3,528.5,366.2,9539923,"3,990,528,249.30"
12/7/2022,428,428,419.1,427.1,419.9,420.1,421.61,528.5,366.2,12133315,"5,115,538,619.55"
12/6/2022,428.8,431.35,425.35,428.75,426.85,427.1,428.11,528.5,366.2,8461831,"3,622,608,721.05"
12/5/2022,435.5,437.5,427.8,435.4,429.1,428.75,430.4,528.5,366.2,12857807,"5,534,033,838.00"
12/2/2022,439,441.15,435,438.25,435.5,435.4,437.03,528.5,366.2,8352658,"3,650,349,373.60"
12/1/2022,443,443.6,436.85,439.4,438,438.25,439.68,528.5,366.2,8909310,"3,917,275,338.45"
11/30/2022,435,441,433.3,433.15,439.3,439.4,438.08,528.5,366.2,14727892,"6,451,937,620.05"
11/29/2022,432.5,437.9,429.55,433.25,432.65,433.15,433.87,528.5,366.2,8630105,"3,744,370,418.00"
11/28/2022,435,440.35,432.4,433.2,432.55,433.25,435.82,528.5,366.2,10701208,"4,663,839,319.80"
11/25/2022,425,435.15,424,423.4,434.45,433.2,430.81,528.5,366.2,18764073,"8,083,692,097.40"
11/24/2022,424.5,425.25,420.7,424.05,423.9,423.4,422.83,528.5,366.2,6768613,"2,861,940,712.20"
11/23/2022,426.85,429.3,422.85,424.7,423.95,424.05,426.79,528.5,366.2,6568241,"2,803,270,110.65"
11/22/2022,421,426.4,420.5,421.1,424.5,424.7,423.77,528.5,366.2,6407614,"2,715,385,156.60"
11/21/2022,425.6,427.6,420,423.8,420.3,421.1,422.76,528.5,366.2,9497812,"4,015,252,994.35"
11/18/2022,424,426.45,421.15,423.15,424,423.8,423.98,536.7,366.2,9851962,"4,177,071,481.85"
11/17/2022,422,427.55,419.6,431.55,422.9,423.15,423.35,536.7,366.2,15621809,"6,613,436,881.35"
11/16/2022,436.95,438.2,429.6,437.15,431,431.55,433.56,536.7,366.2,8206169,"3,557,829,752.10"
11/15/2022,434.9,438.5,434.1,433.7,436.35,437.15,437.01,536.7,366.2,10696024,"4,674,253,814.35"
11/14/2022,424,437.7,423.5,423.5,433.5,433.7,433.93,536.7,366.2,17996083,"7,809,003,764.25"
11/11/2022,420,425.5,414.7,412.2,423,423.5,420.82,536.7,366.2,19296401,"8,120,215,752.15"
11/10/2022,420.5,420.55,409.2,433.15,413.2,412.2,413.57,536.7,366.2,26251660,"10,856,986,374.85"
11/9/2022,439.2,441.2,432,435,433.1,433.15,436.28,536.7,366.2,14471443,"6,313,575,496.40"
11/7/2022,428.25,437.5,428.25,425.35,435,435,432.99,536.7,366.2,15058076,"6,520,025,232.95"
11/4/2022,418.2,426,416.9,416.25,424.9,425.35,422.73,536.7,366.2,12277023,"5,189,908,108.45"
11/3/2022,419.4,423.3,414.5,422.15,416.3,416.25,417.83,536.7,366.2,10987519,"4,590,942,130.10"
11/2/2022,423.05,425.1,420.15,421.35,422.6,422.15,422.26,536.7,366.2,12433578,"5,250,237,518.95"
11/1/2022,414.9,422.4,412.8,412.75,421,421.35,417.98,536.7,366.2,17324893,"7,241,535,370.85"
10/31/2022,414.35,416.3,411.6,409.9,412.15,412.75,413.11,536.7,366.2,9928218,"4,101,431,170.45"
10/28/2022,408,411.2,406.1,407.7,410.2,409.9,408.99,536.7,366.2,12488938,"5,107,791,578.55"
10/27/2022,408.55,411.7,404,404.55,408,407.7,408.11,536.7,366.2,14614841,"5,964,501,519.15"
10/25/2022,404.35,410.5,403.2,401.6,404.2,404.55,407.01,536.7,366.2,17979661,"7,317,816,836.80"
10/24/2022,406,406,400.15,398.05,402.3,401.6,402.04,536.7,366.2,2871205,"1,154,337,705.80"
10/21/2022,397,402.25,394.7,398.1,398.2,398.05,399.01,536.7,366.2,10279618,"4,101,687,458.65"
10/20/2022,397,399.9,393.1,399.05,397.9,398.1,396.74,536.7,366.2,10747183,"4,263,836,335.25"
10/19/2022,406.2,406.95,397.3,404.25,398.65,399.05,402.39,536.7,366.2,8648435,"3,480,082,846.90"
10/18/2022,401,406.7,400.7,396.1,404.55,404.25,403.83,536.7,366.2,14215544,"5,740,613,453.25"
10/17/2022,394,398.9,392.5,396.25,397,396.1,395.78,536.7,366.2,9543556,"3,777,115,166.75"
10/14/2022,407,409.2,395.3,399,396.25,396.25,401.55,536.7,366.2,12875470,"5,170,199,321.75"
10/13/2022,396.55,403.5,394.55,396.55,399,399,398.2,536.7,366.2,12584114,"5,011,016,732.50"
10/12/2022,394.55,398.2,391.1,393.35,396.75,396.55,394.96,536.7,366.2,14287344,"5,642,949,988.45"
10/11/2022,397,399.5,391.3,395.95,391.75,393.35,396.08,536.7,366.2,14641301,"5,799,093,652.85"
10/10/2022,403.4,403.4,393.05,412.15,396.55,395.95,396.05,536.7,366.2,32914630,"13,035,876,368.35"
10/7/2022,413.4,414,408.7,414.1,413,412.15,411.67,536.7,335,10670854,"4,392,889,228.65"
10/6/2022,409.6,417.65,409.5,407.9,413.4,414.1,414.77,536.7,335,12771199,"5,297,081,398.40"
10/4/2022,406,408.95,402.9,397.65,407.9,407.9,406.5,536.7,335,12761425,"5,187,541,978.50"
10/3/2022,405.5,406.55,395.5,404.6,397.5,397.65,400.54,536.7,335,20332430,"8,143,977,471.50"
9/30/2022,398,408.25,392.5,402.25,405.3,404.6,400.05,536.7,323.15,20951277,"8,381,565,821.95"
9/29/2022,411,413.25,399.6,399.1,404,402.25,405.29,536.7,323.15,20725995,"8,400,020,713.70"
9/28/2022,394.9,406.6,392.85,398.8,397.5,399.1,401.43,536.7,323.15,18114880,"7,271,865,303.55"
9/27/2022,403.9,404,390.35,397.5,399.6,398.8,397.44,536.7,323.15,21932747,"8,717,035,642.20"
9/26/2022,416,417.9,393.15,423.1,398,397.5,400.45,536.7,323.15,33230938,"13,307,209,237.00"
9/23/2022,431.9,431.9,420.55,432.2,423.5,423.1,424.53,536.7,293.1,13441609,"5,706,338,198.45"
9/22/2022,425,434.6,422.55,427.65,432.05,432.2,428.8,536.7,293.1,13600786,"5,831,992,494.25"
9/21/2022,433.95,436,425.5,434.25,428,427.65,430.13,536.7,293.1,10831068,"4,658,747,968.45"
9/20/2022,430.6,443.35,430.6,425.45,434.8,434.25,438.12,536.7,293.1,17557661,"7,692,279,347.25"
9/19/2022,431.5,431.6,424.05,432.5,425.5,425.45,427.53,536.7,293.1,15236142,"6,513,911,271.90"
9/16/2022,446,446.4,429.1,447.25,433,432.5,436.04,536.7,293.1,20992324,"9,153,452,431.55"
9/15/2022,452.4,455.85,446.05,450.2,448.25,447.25,449.43,536.7,293.1,10356713,"4,654,644,381.90"
9/14/2022,447.6,454.7,447,456.8,450.8,450.2,451.13,536.7,293.1,10360461,"4,673,900,003.60"
9/13/2022,454.3,458.95,453.55,451,456.9,456.8,456,536.7,293.1,10661280,"4,861,512,938.25"
9/12/2022,447.7,453,447,445.9,450.9,451,450.24,536.7,293.1,8962633,"4,035,300,959.65"
9/9/2022,447.5,449.65,440.6,442.2,446.5,445.9,444.86,536.7,290.9,14294289,"6,358,983,627.70"
9/8/2022,452.45,452.55,440,445.85,442.35,442.2,444.73,536.7,290.9,19336014,"8,599,378,661.95"
9/7/2022,453.2,456.5,443.65,457.75,446.2,445.85,448.25,536.7,290.9,20764508,"9,307,649,677.75"
9/6/2022,462.7,463.7,456.6,459,457.95,457.75,459.38,536.7,290.9,9805875,"4,504,648,001.80"
9/5/2022,459.75,463.95,457,461.75,460.1,459,460.37,536.7,290.9,9378108,"4,317,406,706.90"
9/2/2022,470.85,471.8,460.15,466.9,461.35,461.75,465.22,536.7,286.1,10806707,"5,027,461,125.45"
9/1/2022,462.5,474.4,462.15,471.1,466.9,466.9,468.63,536.7,286.1,13385159,"6,272,627,719.90"
8/30/2022,458.65,472.4,457.1,453.35,470.4,471.1,466.89,536.7,286.1,14421066,"6,733,015,047.25"
8/29/2022,451,456.9,450.15,465.05,454.15,453.35,453.65,536.7,286.1,11647725,"5,283,983,489.05"
8/26/2022,465,470.45,463.95,459.2,464.45,465.05,466.97,536.7,268.45,11252560,"5,254,569,001.65"
8/25/2022,466,468.8,457.4,463.2,459.65,459.2,463.92,536.7,268.45,11255809,"5,221,831,280.20"
8/24/2022,459,464.9,457.7,460.45,463,463.2,461.54,536.7,268.45,12214113,"5,637,357,620.45"
8/23/2022,449,462.1,447.6,454.6,461.2,460.45,455.03,536.7,268.45,17779238,"8,090,109,755.70"
8/22/2022,468.5,468.95,452.55,471,453.55,454.6,460.44,536.7,268.45,15050653,"6,929,995,709.85"
8/19/2022,486.75,488.1,468.1,484.8,471,471,476.1,536.7,268.45,16636593,"7,920,676,699.05"
8/18/2022,484,486.8,479.25,485.4,484.9,484.8,483.56,536.7,268.45,12070974,"5,837,075,699.20"
8/17/2022,490.9,494.4,484.2,489.85,484.65,485.4,489.16,536.7,268.45,15948755,"7,801,492,590.90"
8/16/2022,479.6,491.4,478.2,477.55,490.5,489.85,484.77,536.7,268.45,16796376,"8,142,311,048.25"
8/12/2022,475.75,481.45,470,476.65,476.7,477.55,477.41,536.7,268.45,13482890,"6,436,887,448.75"
8/11/2022,482.55,485,475.6,475.55,475.75,476.65,479.65,536.7,268.45,12777503,"6,128,728,397.65"
8/10/2022,470,477.2,463.35,468.25,475.9,475.55,470.12,536.7,268.45,13360759,"6,281,198,084.50"
8/8/2022,466,471.9,464.45,465.25,468,468.25,468.27,536.7,268.45,10561754,"4,945,716,455.45"
8/5/2022,468.9,472.9,464,468.9,464.7,465.25,468.48,536.7,268.45,11917799,"5,583,229,115.80"
8/4/2022,473.15,473.95,456.45,467.8,466.7,468.9,465.82,536.7,268.45,18540405,"8,636,444,624.95"
8/3/2022,475,476.25,459.6,476.25,467.05,467.8,466.29,536.7,268.45,19125906,"8,918,153,301.30"
8/2/2022,478.9,479.9,469.25,479.2,474.95,476.25,475.15,536.7,268.45,19065689,"9,059,144,445.55"
8/1/2022,451.95,481,451.05,449.6,480.05,479.2,469.99,536.7,268.45,43084536,"20,249,120,487.80"
7/29/2022,445.15,452.7,445.15,442.25,449.25,449.6,449.23,536.7,268.45,16004096,"7,189,530,425.20"
7/28/2022,440.25,449.25,427.4,444.05,442.55,442.25,439.27,536.7,268.45,36380444,"15,980,776,527.90"
7/27/2022,441.15,445,436.1,441.15,443.75,444.05,442.15,536.7,268.45,10081023,"4,457,325,201.15"
7/26/2022,448.7,448.7,439.75,449.55,440.7,441.15,442.95,536.7,268.45,11563528,"5,122,115,641.75"
7/25/2022,456,457.6,446.3,454.9,449.35,449.55,451.38,536.7,268.45,12505062,"5,644,509,435.40"
7/22/2022,456.6,459.95,452.3,454.85,454.25,454.9,455.86,536.7,268.45,10340910,"4,714,001,688.60"
7/21/2022,452.95,455.5,450.1,453.45,454,454.85,453.61,536.7,268.45,10931800,"4,958,795,042.00"
7/20/2022,454.35,460.75,451.75,449.05,452.75,453.45,456.93,536.7,268.45,17154184,"7,838,259,628.55"
7/19/2022,446.75,451.85,444.45,450.9,448.65,449.05,448.47,536.7,268.45,11553440,"5,181,360,424.70"
7/18/2022,443.95,453.8,443.2,440.2,450.5,450.9,449.21,536.7,268.45,21185764,"9,516,800,250.10"
7/15/2022,430.65,441.75,429.7,428.05,438.8,440.2,435.74,536.7,268.45,15774084,"6,873,408,749.85"
7/14/2022,428,431.25,423.3,427.1,428,428.05,427.46,536.7,268.45,10744547,"4,592,850,403.05"
7/13/2022,432.7,435.85,425.65,430.55,427.9,427.1,429.9,536.7,268.45,10181698,"4,377,089,483.35"
7/12/2022,433,435,428.15,437.05,428.35,430.55,432.15,536.7,268.45,9518822,"4,113,572,430.90"
7/11/2022,438.05,441.2,433.45,441.55,435.8,437.05,437.22,536.7,268.45,12621150,"5,518,219,647.65"
7/8/2022,436.25,443.85,429.3,430.85,440.5,441.55,437.5,536.7,268.45,23730027,"10,381,822,008.35"
7/7/2022,419.9,432.95,419.3,416.35,431.75,430.85,425.08,536.7,268.45,17616800,"7,488,533,814.20"
7/6/2022,414,417.3,410.65,412,417.1,416.35,414.33,536.7,268.45,12196920,"5,053,571,432.90"
7/5/2022,415,418.8,410.2,408.45,412.35,412,415.27,536.7,268.45,16771012,"6,964,415,187.65"
7/4/2022,411.55,414.9,405,412.7,407.6,408.45,408.48,536.7,268.45,11525133,"4,707,772,092.40"
7/1/2022,410.65,414.6,402.3,411.8,413.7,412.7,407.31,536.7,268.45,14725989,"5,998,037,365.50"
6/30/2022,418.3,424,410,416.95,411,411.8,416.96,536.7,268.45,20121916,"8,389,957,278.55"
6/29/2022,412.05,419.9,411.55,417.1,416,416.95,417.25,536.7,268.45,13104313,"5,467,812,648.20"
6/28/2022,411.3,418.2,409.15,414.5,417.7,417.1,415,536.7,268.45,13238339,"5,493,950,694.35"
6/27/2022,417.55,419.45,412.35,409.3,413,414.5,415.85,536.7,268.45,12018949,"4,998,036,071.55"
6/24/2022,410,412.85,406.15,407.2,408.75,409.3,409.69,536.7,268.45,14806456,"6,066,054,580.25"
6/23/2022,396.3,409.9,394.55,393.1,407.15,407.2,403.6,536.7,268.45,26514004,"10,701,049,288.70"
6/22/2022,396.4,397,390.5,397.6,392.8,393.1,393.64,536.7,268.45,12426604,"4,891,632,161.45"
6/21/2022,389,399,387,382.7,398.1,397.6,394.92,536.7,268.45,14743366,"5,822,390,674.85"
6/20/2022,390.55,392.95,376.65,388.95,384.75,382.7,382.7,536.7,268.45,17049013,"6,524,742,312.80"
6/17/2022,387.95,394.45,382.65,392.95,390.55,388.95,388.61,536.7,268.45,24824899,"9,647,163,326.40"
6/16/2022,420,420.9,390.1,414.1,393,392.95,403.07,536.7,268.45,22261032,"8,972,824,034.40"
6/15/2022,410,416.4,407.45,405.15,412.95,414.1,413.22,536.7,268.45,15192826,"6,277,930,420.15"
6/14/2022,403,411.85,397.7,406.7,404.7,405.15,405.51,536.7,268.45,19626627,"7,958,744,753.50"
6/13/2022,414.9,418.15,405.6,428.05,406.5,406.7,410.03,536.7,268.45,17442641,"7,151,991,642.45"
6/10/2022,423,428.85,422,428.5,427.4,428.05,426.46,536.7,268.45,11914234,"5,080,927,101.20"
6/9/2022,431.9,435.65,426.1,435.65,428.85,428.5,429.88,536.7,268.45,13043367,"5,607,070,731.80"
6/8/2022,438.7,440.4,432,435.85,434.75,435.65,435.67,536.7,268.45,12844475,"5,595,990,194.70"
6/7/2022,432.5,438.2,429.1,432.35,436.65,435.85,432.79,536.7,268.45,11153869,"4,827,338,078.00"
6/6/2022,427.9,433.95,424.6,431.9,433.45,432.35,428.71,536.7,268.45,11896105,"5,100,034,442.30"
6/3/2022,444.9,445.05,430.5,439.15,431.9,431.9,435.91,536.7,268.45,12780122,"5,571,008,545.50"
6/2/2022,445,445.6,435.65,444.6,439.85,439.15,439.66,536.7,268.45,12742438,"5,602,364,931.70"
6/1/2022,445.1,446,439.6,443.55,445,444.6,442.87,536.7,268.45,11930669,"5,283,784,191.85"
5/31/2022,443.95,449.5,440.4,442.4,442.7,443.55,446.05,536.7,268.45,22308219,"9,950,567,444.20"
5/30/2022,437,445.2,436,429.6,442.4,442.4,441.5,536.7,268.45,18500266,"8,167,936,123.90"
5/27/2022,426.05,433.25,425.2,420.65,430.2,429.6,429.01,536.7,268.45,16867431,"7,236,292,574.05"
5/26/2022,422,422.65,405,417,421.5,420.65,413.94,536.7,268.45,17712299,"7,331,801,883.95"
5/25/2022,428.45,429,413.45,425.75,417.25,417,419.77,536.7,268.45,13540006,"5,683,678,652.65"
5/24/2022,423.9,427.5,416,421.45,424.7,425.75,422.16,536.7,268.45,14525617,"6,132,172,171.45"
5/23/2022,421.65,431.15,419.55,418,420.8,421.45,424.64,536.7,268.45,16345308,"6,940,863,462.90"
5/20/2022,410,421.4,410,398.65,418,418,417.51,536.7,268.45,23504236,"9,813,166,936.75"
5/19/2022,400,406.8,396.2,415.15,399.45,398.65,401.61,536.7,268.45,17706724,"7,111,217,516.20"
5/18/2022,424,427.35,414.05,424.15,416.3,415.15,420.04,536.7,268.45,20490516,"8,606,927,253.75"
5/17/2022,408.4,425.65,405,405.35,424,424.15,416.7,536.7,268.45,24651585,"10,272,427,644.30"
5/16/2022,411.9,411.9,396.25,404.3,406.9,405.35,403.53,536.7,268.45,24938704,"10,063,596,931.85"
5/13/2022,387,419.35,387,372.3,404,404.3,404.94,536.7,268.45,71425747,"28,923,209,354.30"
5/12/2022,382,384.65,366.2,388.15,371.9,372.3,373.27,536.7,268.45,33511538,"12,508,784,026.55"
5/11/2022,396,397,377.55,391.75,390.3,388.15,386.07,536.7,268.45,29215175,"11,279,156,582.90"
5/10/2022,400,408.5,389.6,403.95,390.95,391.75,399.69,536.7,268.45,16540303,"6,611,041,873.15"
5/9/2022,407.15,407.4,395,408.55,405.7,403.95,401.34,536.7,268.45,18076956,"7,255,042,575.05"
5/6/2022,418.85,420.2,407,426.3,409.85,408.55,410.67,536.7,268.45,25142225,"10,325,101,551.60"
5/5/2022,429,434,423.7,423.5,425.75,426.3,429.48,536.7,268.45,12240729,"5,257,095,513.95"
5/4/2022,437.95,440.6,420.7,432.85,424.6,423.5,430.75,536.7,268.45,14934742,"6,433,136,118.75"
5/2/2022,437.95,442.95,428.5,437.6,432.85,432.85,433.17,536.7,268.45,18945234,"8,206,471,934.60"
4/29/2022,440.2,447.75,436,436.05,436.95,437.6,442.23,536.7,268.45,21991752,"9,725,509,784.35"
4/28/2022,434.8,439.2,430.8,430.25,435.6,436.05,434.39,536.7,268.45,13875650,"6,027,501,093.50"
4/27/2022,429.25,432.95,425.1,434.9,430.1,430.25,428.93,536.7,268.45,13701069,"5,876,774,261.10"
4/26/2022,433.9,437.45,431.6,425.15,435.05,434.9,434.74,536.7,268.45,13577513,"5,902,711,226.50"
4/25/2022,432.75,436,423.15,438.85,427.3,425.15,428.81,536.7,268.45,14729009,"6,315,912,520.35"
4/22/2022,442.05,447.25,438,448.05,438.8,438.85,442.67,536.7,268.45,14362036,"6,357,616,773.40"
4/21/2022,444.5,449.35,441.05,440.55,447.4,448.05,445.15,536.7,268.45,14124872,"6,287,654,009.90"
4/20/2022,431,441.7,428.25,424.95,440.9,440.55,436.45,536.7,268.45,19639290,"8,571,624,927.70"
4/19/2022,436.75,440.25,417,433.8,420.95,424.95,433.28,536.7,268.45,12669041,"5,489,270,421.05"
4/18/2022,430,436.35,423.65,431.05,433.8,433.8,429.12,536.7,268.45,15298361,"6,564,888,217.30"
4/13/2022,441.8,442.85,430.1,438.3,431.5,431.05,434.93,536.7,268.45,16817981,"7,314,656,264.55"
4/12/2022,450.8,450.8,435,452.05,438,438.3,439.2,536.7,268.45,22698696,"9,969,175,033.40"
4/11/2022,457,458.9,451,452.05,453,452.05,454.67,536.7,268.45,14339854,"6,519,898,847.45"
4/8/2022,450,456.25,449.7,449.5,452.25,452.05,452.71,536.7,268.45,16315704,"7,386,342,103.90"
4/7/2022,456.5,459.1,448.5,456.15,450.25,449.5,454.17,536.7,268.45,19950241,"9,060,742,246.45"
4/6/2022,455.9,462.7,452.6,458.05,456.5,456.15,458.18,536.7,268.45,24974477,"11,442,798,762.60"
4/5/2022,450,461.9,448.3,446.75,457.3,458.05,457.79,536.7,268.45,28530470,"13,061,024,582.30"
4/4/2022,444.4,449.5,441.3,441.15,446.8,446.75,446.28,536.7,268.45,18657201,"8,326,362,214.90"
4/1/2022,434,442.25,430.85,433.75,440.9,441.15,437.6,536.7,268.45,19380324,"8,480,861,087.20"
3/31/2022,436,438.3,432.6,435.65,434,433.75,435.36,536.7,268.45,14248045,"6,203,012,891.10"
3/30/2022,438.45,442.5,434.25,433.7,434.8,435.65,439.04,536.7,268.45,18149488,"7,968,354,742.20"
3/29/2022,436,439.35,431.4,432.7,433.7,433.7,435.02,536.7,268.45,18710736,"8,139,614,044.15"
3/28/2022,432,434.95,426.5,432.1,432.6,432.7,431.2,536.7,268.45,16757901,"7,226,072,136.90"
3/25/2022,437,437,427.65,433.2,432.4,432.1,432.99,536.7,268.45,15104414,"6,540,056,866.80"
3/24/2022,430,435.4,427.55,435.8,433.15,433.2,432.4,536.7,268.45,17109723,"7,398,321,010.90"
3/23/2022,443.5,447,434.6,440.35,435.3,435.8,439.74,536.7,268.45,25466395,"11,198,691,330.75"
3/22/2022,428.1,441.45,421.2,427.95,440.85,440.35,432.31,536.7,268.45,30441493,"13,160,088,510.65"
3/21/2022,435.5,436.3,427.1,433.8,427.7,427.95,430.44,536.7,268.45,18270995,"7,864,657,857.30"
3/17/2022,432,435.7,429.55,424.9,434.3,433.8,433.11,536.7,268.45,26704541,"11,566,099,532.35"
3/16/2022,427.05,428.55,420.7,413.65,424,424.9,424.01,536.7,268.45,27191170,"11,529,232,372.80"
3/15/2022,409.85,424.2,408,411.7,412,413.65,416.5,536.7,268.45,47706136,"19,869,444,601.00"
3/14/2022,418.75,419,404,418.15,412.5,411.7,409.95,536.7,268.45,40721277,"16,693,522,069.20"
3/11/2022,413.6,421.15,407.4,419.6,418.05,418.15,413.88,536.7,268.45,51510243,"21,319,031,617.75"
3/10/2022,427,434.95,414,405.9,418.55,419.6,426.4,536.7,268.45,59776817,"25,488,638,259.30"
3/9/2022,394.95,409.25,389.5,391.75,407,405.9,399.37,536.7,268.45,48376222,"19,319,881,236.40"
3/8/2022,390.5,395.45,376.35,394,391.3,391.75,387.74,536.7,268.45,55543383,"21,536,399,963.85"
3/7/2022,401.75,401.75,387.5,417.25,395.75,394,394.41,536.7,268.45,44836205,"17,684,025,650.05"
3/4/2022,431.85,431.85,414.75,437.1,418.4,417.25,423.93,536.7,268.45,38765185,"16,433,838,263.50"
3/3/2022,458.5,458.5,435,447.6,437.9,437.1,443.17,536.7,268.45,29599672,"13,117,748,918.25"
3/2/2022,452.95,454.25,444.55,454.05,448.8,447.6,449.27,536.7,268.45,25791134,"11,587,137,992.70"
2/28/2022,445,457.35,440.45,459.75,453.95,454.05,452.4,536.7,268.45,34475468,"15,596,569,802.85"
2/25/2022,444.85,465.7,441.6,427.95,460.85,459.75,459.06,536.7,268.45,48876182,"22,436,877,368.65"
2/24/2022,455.95,461.55,405.45,477,425.9,427.95,443.91,536.7,268.45,57265685,"25,420,800,452.15"
2/23/2022,481.75,485.4,475.3,478.25,477,477,480.31,536.7,268.45,17703998,"8,503,350,999.45"
2/22/2022,480.55,486.3,471.45,494.45,478.5,478.25,479.41,536.7,268.45,27957544,"13,403,106,998.80"
2/21/2022,490.15,500.4,486.1,493.15,493.8,494.45,494.28,536.7,268.45,22592161,"11,166,907,442.25"
2/18/2022,498,502.65,491.5,499.95,493.45,493.15,497.39,536.7,268.45,15476803,"7,698,020,965.80"
2/17/2022,505.9,511.5,498.3,498.45,498.7,499.95,505.01,536.7,268.45,27943077,"14,111,498,329.35"
2/16/2022,504,507.9,496.6,504,497.45,498.45,502.42,536.7,268.45,20176993,"10,137,291,914.20"
2/15/2022,476.15,505.5,467.3,471.45,503,504,486.19,536.7,268.45,30623088,"14,888,773,774.50"
2/14/2022,487,488.5,468.8,498.85,471,471.45,479.11,536.7,268.45,22157389,"10,615,896,091.85"
2/11/2022,503.25,507,497,507.45,497.55,498.85,501.22,536.7,268.45,13534899,"6,783,991,221.95"
2/10/2022,506.7,510.5,504.2,501.25,507.25,507.45,507.83,536.7,268.45,14537945,"7,382,807,621.45"
2/9/2022,496.5,503.7,494.7,492.75,501.2,501.25,500.34,536.7,268.45,12430730,"6,219,589,247.55"
2/8/2022,498,498.5,479.15,494.6,492,492.75,489.24,536.7,268.45,23378623,"11,437,653,896.50"
2/7/2022,502.9,504.35,492.5,500.6,493.8,494.6,496.88,536.7,268.45,13392910,"6,654,720,138.55"
2/4/2022,503.8,507.8,499,504.5,500.5,500.6,503.21,536.7,255.35,12663199,"6,372,204,907.50"
2/3/2022,509.1,514.3,502.85,506.4,503.8,504.5,509.3,536.7,255.35,15249245,"7,766,388,390.90"
2/2/2022,508.6,514.45,505.15,504.3,506.4,506.4,509.34,536.7,255.35,14311040,"7,289,241,825.65"
2/1/2022,508,514.75,493,517.75,504.5,504.3,505.96,536.7,255.35,48030231,"24,301,593,195.35"
1/31/2022,505,520,498.2,497.3,517.5,517.75,509.8,536.7,255.35,27306578,"13,920,786,046.25"
1/28/2022,500.5,509.35,495.3,494.4,497.3,497.3,502.87,536.7,255.35,21784640,"10,954,813,561.10"
1/27/2022,480.75,502.7,476.6,490.55,496,494.4,488.98,536.7,255.35,26676094,"13,044,048,334.40"
1/25/2022,473.8,492.5,467.65,478.45,489.4,490.55,483.39,536.7,255.35,22565698,"10,908,117,337.60"
1/24/2022,499.7,504.3,473.35,501.85,477.65,478.45,484.18,536.7,255.35,25228959,"12,215,445,228.35"
1/21/2022,510.4,513.85,494.25,515.7,504.85,501.85,506.81,536.7,241.15,17946821,"9,095,581,366.65"
1/20/2022,519.95,523.2,512,520.85,516.4,515.7,518.1,536.7,241.15,18364451,"9,514,604,777.80"
1/19/2022,510,522.2,504.8,510.8,520.6,520.85,514.8,536.7,241.15,21799071,"11,222,213,801.60"
1/18/2022,527.9,528.5,507.15,525,510.95,510.8,520.01,536.7,241.15,19353195,"10,063,784,033.65"
1/17/2022,514.8,526.9,512,509.9,524.8,525,523.11,536.7,241.15,27942414,"14,617,003,186.80"
1/14/2022,509,515.4,505.65,511.95,509.4,509.9,510.8,536.7,199.65,12655602,"6,464,423,090.35"
1/13/2022,504,513.8,494.8,507.25,512.55,511.95,505.24,536.7,199.65,27572553,"13,930,671,599.40"
1/12/2022,505.85,511.85,503.5,501.3,506.3,507.25,507.75,536.7,199.65,16255334,"8,253,684,395.30"
1/11/2022,503,507.9,498.15,503.7,500.8,501.3,503.8,536.7,199.65,16269193,"8,196,476,346.65"
1/10/2022,493.1,504.9,491.3,490.6,503.6,503.7,500.63,536.7,199.65,25193771,"12,612,749,425.55"
1/7/2022,490.05,495.5,483.75,488.85,489.85,490.6,489.39,536.7,185.05,15532165,"7,601,279,847.45"
1/6/2022,481.5,492.95,477.1,489.75,488.4,488.85,486.55,536.7,185.05,16563230,"8,058,757,759.45"
1/5/2022,486.95,492.75,483.55,489.6,487.85,489.75,488.5,536.7,185.05,15420105,"7,532,700,850.60"
1/4/2022,496.8,499,484.05,497.6,489.35,489.6,490.08,536.7,185.05,24100985,"11,811,451,746.05"
1/3/2022,493.5,500.85,492,482.4,496.8,497.6,496.63,536.7,185.05,32748423,"16,263,766,656.15"
12/31/2021,472.7,483.6,471.85,470.4,482.8,482.4,479.23,536.7,179,15541446,"7,447,984,399.90"
12/30/2021,472.55,476.4,468.6,476,472.1,470.4,471.4,536.7,179,11923961,"5,620,985,674.80"
12/29/2021,478.75,481.6,474.25,480.2,474.75,476,477.93,536.7,179,10263884,"4,905,410,563.35"
12/28/2021,475.2,482.8,472.65,471.15,480.35,480.2,478.62,536.7,179,22860916,"10,941,670,530.25"
12/27/2021,465.7,472.45,460.1,467.6,472.45,471.15,467.81,536.7,179,12557565,"5,874,555,564.10"
12/24/2021,474.9,474.9,460,472.35,468.3,467.6,465.86,536.7,156.7,15487368,"7,214,911,387.35"
12/23/2021,476,478,470.95,470.5,472.25,472.35,473.59,536.7,156.7,12116814,"5,738,409,519.10"
12/22/2021,458.15,472.15,458.15,453.6,470.5,470.5,467.28,536.7,156.7,22730750,"10,621,673,762.95"
12/21/2021,452.1,460.9,449.85,447.05,453.5,453.6,455.58,536.7,156.7,18838054,"8,582,211,859.00"
12/20/2021,459.9,460,440,470.2,445.55,447.05,449.56,536.7,156.7,33007516,"14,838,879,284.00"
12/17/2021,488,488.85,468.2,491.95,470.2,470.2,473.46,536.7,156.7,27341178,"12,944,958,908.50"
12/16/2021,495,496.5,487.4,491.65,492.05,491.95,491.6,536.7,156.7,13581352,"6,676,637,487.50"
12/15/2021,487.8,497.7,487.25,489.4,489.8,491.65,491.7,536.7,156.7,16263723,"7,996,947,883.10"
12/14/2021,491.95,491.95,483.3,495.35,489.4,489.4,487.95,536.7,156.7,17722547,"8,647,712,141.60"
12/13/2021,499.45,506.4,494.2,494.45,496,495.35,500.82,536.7,156.7,21921272,"10,978,668,796.10"
12/10/2021,487.75,496.8,486.55,493.95,493.4,494.45,493.5,536.7,156.7,14567815,"7,189,272,452.50"
12/9/2021,498,498.5,489.55,493.9,493.15,493.95,493.32,536.7,156.7,16951593,"8,362,574,152.30"
12/8/2021,484.5,495.95,483.5,481.8,493.6,493.9,489.94,536.7,156.7,20581817,"10,083,800,564.20"
12/7/2021,476.85,484.9,471,467.2,482.3,481.8,477.76,536.7,156.7,21280797,"10,167,044,517.85"
12/6/2021,480.1,480.9,466,480.1,467.95,467.2,473.56,536.7,156.7,17473075,"8,274,510,342.50"
12/3/2021,480,484.7,477.3,479.1,480.3,480.1,481.07,536.7,156.7,20948900,"10,077,840,453.30"
12/2/2021,479.4,480.45,471.7,475.25,478.5,479.1,476.44,536.7,156.7,21012008,"10,010,906,323.75"
12/1/2021,467.85,478.4,463.55,458.6,478,475.25,469.83,536.7,156.7,28256188,"13,275,619,522.25"
11/30/2021,466.55,478,455.65,461.45,458.95,458.6,467.8,536.7,156.7,35471800,"16,593,661,067.00"
11/29/2021,457,470.75,443.1,460.2,462,461.45,461.25,536.7,156.7,42819150,"19,750,214,152.30"
11/26/2021,486,486.75,458,492.75,459.4,460.2,469.29,536.7,156.7,51787989,"24,303,683,199.85"
11/25/2021,490.8,495.15,486.5,488.65,494.2,492.75,490.58,536.7,156.7,15336539,"7,523,819,768.30"
11/24/2021,499,501.8,485.3,495.5,486.9,488.65,495.61,536.7,156.7,20915837,"10,366,047,963.80"
11/23/2021,484.4,499.35,477,486.1,495.9,495.5,492.31,536.7,156.7,27553684,"13,564,854,601.70"
11/22/2021,512.25,512.25,478.4,509.7,486.4,486.1,491.76,536.7,156.7,40044849,"19,692,516,603.60"
11/18/2021,531.45,534.2,501.3,530.15,509.95,509.7,512.83,536.7,152.2,47197742,"24,204,392,115.00"
11/17/2021,520.25,536.7,520.25,519.05,528.4,530.15,531.42,536.7,152.2,48463415,"25,754,402,444.20"
11/16/2021,506.9,526.85,506.2,505.45,517.95,519.05,519.53,530,152.2,55897781,"29,040,717,629.40"
11/15/2021,506.25,514.9,504.5,507.05,504.65,505.45,509.41,530,152.2,18014977,"9,176,940,266.55"
11/12/2021,506.95,509.55,497.35,503.45,507.35,507.05,503.75,530,138.7,20731808,"10,443,601,228.35"
11/11/2021,510,519,501,510.75,504.5,503.45,508.46,530,138.7,29256213,"14,875,701,882.25"
11/10/2021,506.25,515.95,500.2,509.65,511,510.75,510.99,530,138.7,26615777,"13,600,481,542.90"
11/9/2021,505,520.65,503.5,501.4,511,509.65,513.35,530,138.7,50458762,"25,902,972,391.10"
11/8/2021,493.9,504.85,490.25,489.7,501,501.4,499.44,530,138.7,31736426,"15,850,376,263.15"
11/4/2021,489.8,493.55,488,484.9,490.05,489.7,490.51,530,131.1,5531940,"2,713,457,669.50"
11/3/2021,483.8,495,481.6,487.85,485.2,484.9,488.21,530,131.1,22950198,"11,204,555,640.25"
11/2/2021,506.5,510,486.5,485.7,488.05,487.85,494.31,530,131.1,51580720,"25,497,058,290.35"
11/1/2021,486.45,489.7,469.8,483.7,486.4,485.7,481.98,530,131.1,34315690,"16,539,532,647.70"
10/29/2021,482,491.6,467.7,481.05,484.45,483.7,483.64,530,130,31054342,"15,019,165,853.80"
10/28/2021,493.9,493.9,478.55,497.9,481.8,481.05,486.77,530,130,25182748,"12,258,182,942.70"
10/27/2021,505.75,506.55,496,508.65,496.8,497.9,501.37,530,130,30361263,"15,222,114,327.25"
10/26/2021,483.5,510,483.25,479.9,508.2,508.65,500.54,530,130,58027770,"29,044,966,108.20"
10/25/2021,493.9,496,473.25,490.9,478.8,479.9,480.93,530,130,33107841,"15,922,445,349.70"
10/22/2021,509.9,510.7,487.4,508,490.6,490.9,496.34,530,126.35,42742785,"21,214,749,436.80"
10/21/2021,491.75,510.4,485.75,486.9,508.95,508,497.29,530,126.35,52608672,"26,161,533,123.30"
10/20/2021,481.8,497,471.25,481.9,489.7,486.9,484.21,530,126.35,55444814,"26,847,160,147.10"
10/19/2021,512.45,517.4,476.05,509.6,484.75,481.9,498.07,530,126.35,57428637,"28,603,517,918.75"
10/18/2021,507,525,503.6,497.6,509.8,509.6,515.47,530,126.35,72322623,"37,280,104,214.00"
10/14/2021,530,530,492,506.9,496.6,497.6,502.86,530,126,103630901,"52,112,335,535.05"
10/13/2021,462.9,523.85,462.9,420.85,509.7,506.9,497.76,523.85,126,197949387,"98,531,750,923.15"
10/12/2021,423,435.7,413.6,415.75,421.25,420.85,424.35,435.7,126,97349265,"41,309,726,127.65"
10/11/2021,390.15,420.9,388,382.95,417.8,415.75,411.01,420.9,126,113404983,"46,610,095,970.25"
10/8/2021,385.9,397.55,380,376.5,382.8,382.95,386.46,397.55,126,93728117,"36,222,633,520.35"
10/7/2021,341.1,383,339.25,336.05,378.5,376.5,368.3,383,126,163238084,"60,120,343,470.50"
10/6/2021,347,348.7,335,344.95,335.6,336.05,340.48,360.75,126,25272592,"8,604,815,719.30"
10/5/2021,340.45,351.5,338.85,342,345,344.95,346.53,360.75,126,31861985,"11,041,234,205.50"
10/4/2021,336.8,343.25,335.15,333.3,342,342,340.89,360.75,126,29553072,"10,074,442,359.75"
10/1/2021,332.65,337.3,325.7,333.35,332.9,333.3,331.4,360.75,126,29877695,"9,901,358,903.80"
9/30/2021,331.25,337.9,329.1,330.25,333.7,333.35,333.73,360.75,126,30268517,"10,101,655,877.85"
9/29/2021,325,333,324,329.3,330.35,330.25,329,360.75,126,19740150,"6,494,551,004.15"
9/28/2021,334,336,324.5,331.65,328.7,329.3,330.97,360.75,126,28497009,"9,431,666,794.80"
9/27/2021,323.15,333.6,323.15,317.95,331,331.65,329.81,360.75,126,56305136,"18,569,825,202.30"
9/24/2021,325.1,326.95,316.05,321.5,317.6,317.95,321.43,360.75,122.15,28901243,"9,289,643,290.45"
9/23/2021,313.2,324,313.2,310.1,321,321.5,320.11,360.75,122.15,52701665,"16,870,293,520.55"
9/22/2021,303.15,313.8,303,301.95,310,310.1,309.74,360.75,122.15,29545253,"9,151,342,129.05"
9/21/2021,298.6,302.7,293.1,298.95,301.6,301.95,297.82,360.75,122.15,19439330,"5,789,349,711.65"
9/20/2021,304.9,310.25,297.3,308.6,297.8,298.95,304.42,360.75,122.15,19632688,"5,976,499,097.70"
9/17/2021,312,315.35,306,311.65,308.15,308.6,310.9,360.75,122.15,24972069,"7,763,920,118.90"
9/16/2021,313.4,315,307.65,311.95,311,311.65,312.21,360.75,122.15,26249369,"8,195,341,074.20"
9/15/2021,306.1,313,306.1,306.1,311.5,311.95,309.45,360.75,122.15,26808872,"8,295,956,079.20"
9/14/2021,302.25,307.2,302.2,301.2,305.75,306.1,304.96,360.75,122.15,23234649,"7,085,551,281.25"
9/13/2021,299,302,295.5,298.95,301.05,301.2,298.84,360.75,122.15,16339860,"4,882,931,574.05"
9/9/2021,294,303.5,293.55,295.25,298.4,298.95,300.46,360.75,122.15,34020970,"10,222,047,776.45"
9/8/2021,293.5,298.8,291.6,294.6,295.05,295.25,295.58,360.75,122.15,14920479,"4,410,203,466.15"
9/7/2021,297.35,297.8,290.9,297.45,294.5,294.6,294.55,360.75,122.15,14325904,"4,219,721,851.30"
9/6/2021,297.5,298.95,296,295.55,297,297.45,297.59,360.75,122.15,16622865,"4,946,794,710.15"
9/3/2021,292.5,296.45,292,293.15,295,295.55,294.86,360.75,122.15,16594135,"4,892,994,837.60"
9/2/2021,295.25,296.3,291.7,295.25,293.05,293.15,293.75,360.75,122.15,14907001,"4,378,976,748.85"
9/1/2021,289,297.4,287.3,287.3,294.65,295.25,291.96,360.75,122.15,33103168,"9,664,696,314.10"
8/31/2021,291.75,291.95,286.1,291.95,287.6,287.3,287.52,360.75,122.15,36951003,"10,624,019,307.25"
8/30/2021,290.1,293.5,289.9,285.75,291.75,291.95,291.92,360.75,122.15,17217097,"5,025,951,682.65"
8/27/2021,282.9,286.8,281.7,284.3,285.6,285.75,284.79,360.75,120.8,13477390,"3,838,286,971.20"
8/26/2021,284.85,287.35,281.65,284.4,284.8,284.3,284.32,360.75,120.8,17864053,"5,079,191,329.80"
8/25/2021,282.8,289.2,282.45,279.8,284.5,284.4,286.42,360.75,120.8,31538128,"9,033,271,163.15"
8/24/2021,278.5,281.5,268.45,276.95,280.8,279.8,275.4,360.75,120.8,37589121,"10,352,220,779.20"
8/23/2021,287.2,288.3,275,283.1,276.95,276.95,280.28,360.75,120.8,24498294,"6,866,325,905.50"
8/20/2021,289.5,290.7,281,293.35,281.6,283.1,286.21,360.75,120.15,32578752,"9,324,363,271.45"
8/18/2021,296.9,297.75,292.6,297.7,293.15,293.35,294.81,360.75,120.15,18004320,"5,307,790,613.90"
8/17/2021,302.8,302.8,292.8,303.7,296.95,297.7,297.38,360.75,120.15,25539214,"7,594,758,425.60"
8/16/2021,305.95,307.85,303.05,307.25,303.5,303.7,305.23,360.75,120.15,14348786,"4,379,745,502.85"
8/13/2021,308.8,311.5,303.05,306,306.5,307.25,307.72,360.75,119.7,34922863,"10,746,546,953.30"
8/12/2021,297.3,307.4,297.3,295.45,306.8,306,302.44,360.75,119.7,33652880,"10,177,925,982.70"
8/11/2021,295.3,297.8,286.45,294.2,295.7,295.45,292.24,360.75,119.7,20802022,"6,079,121,678.45"
8/10/2021,297.9,300.2,291,298.1,294.2,294.2,296.16,360.75,119.7,15173990,"4,493,981,869.10"
8/9/2021,300.75,304.2,296.05,300.05,297.95,298.1,300.08,360.75,119.7,16985859,"5,097,081,270.25"
8/6/2021,300.05,303.4,297.65,299.7,300.2,300.05,300.96,360.75,102.9,16001898,"4,816,007,897.35"
8/5/2021,295.5,300.9,292.75,298.15,299.5,299.7,296.98,360.75,102.9,20704901,"6,149,039,899.30"
8/4/2021,304.75,306.45,297.2,303.7,298.1,298.15,301.03,360.75,102.9,26186248,"7,882,934,066.65"
8/3/2021,298.5,304.5,297.7,296.85,303.65,303.7,302.05,360.75,102.9,31063992,"9,382,728,680.65"
8/2/2021,299.15,299.4,295.6,293.95,296.7,296.85,297.25,360.75,102.9,19273390,"5,728,921,716.00"
7/30/2021,294,300,293.25,292.9,294.4,293.95,296.77,360.75,101.3,30589609,"9,078,097,108.65"
7/29/2021,287.55,295.4,287.55,284.45,293.8,292.9,292.69,360.75,101.3,57733359,"16,898,072,830.35"
7/28/2021,290,290.9,283.6,291.4,285,284.45,285.94,360.75,101.3,36139725,"10,333,671,968.95"
7/27/2021,293,297.65,288.6,293.15,291,291.4,292.45,360.75,101.3,55132877,"16,123,351,124.90"
7/26/2021,295,297,291,295.55,292.75,293.15,293.67,360.75,101.3,27502360,"8,076,654,790.10"
7/23/2021,300.5,301.9,295,302.55,295.8,295.55,296.59,360.75,101.3,33435130,"9,916,684,182.55"
7/22/2021,305.5,307.45,301.05,302.15,303.1,302.55,303.96,360.75,101.3,21338361,"6,485,990,486.30"
7/20/2021,307,308,301.05,308.85,301.85,302.15,304.33,360.75,101.3,27672567,"8,421,662,362.00"
7/19/2021,308.95,310.3,306,311.25,309.1,308.85,308.28,360.75,101.3,21346348,"6,580,662,107.25"
7/16/2021,311.1,315.45,310.5,310.25,311.1,311.25,312.6,360.75,100.6,25148606,"7,861,376,517.65"
7/15/2021,310.5,312.85,307.6,309.55,310.1,310.25,309.95,360.75,100.6,23617599,"7,320,341,530.70"
7/14/2021,310,313.3,308.65,310.95,309,309.55,310.72,360.75,100.6,21863250,"6,793,383,940.60"
7/13/2021,310,312.25,308.15,307.45,310.65,310.95,310.09,360.75,100.6,25736308,"7,980,598,270.45"
7/12/2021,310.8,312,306.1,306.3,307.5,307.45,308.4,360.75,100.6,32282319,"9,955,765,580.30"
7/9/2021,305.8,308.85,301.85,306.35,307.35,306.3,306.02,360.75,100.6,48807214,"14,936,208,421.35"
7/8/2021,314.8,314.8,305,317.1,306.15,306.35,309.6,360.75,100.6,87360324,"27,046,880,894.05"
7/7/2021,316,319.1,306.25,316.9,317.25,317.1,313.64,360.75,100.6,112183313,"35,185,298,921.75"
7/6/2021,348,358.2,311.5,346.1,316.6,316.9,330.49,360.75,100.6,164083830,"54,228,396,910.80"
7/5/2021,347.05,350.1,344,344.9,345.8,346.1,347.14,360.75,100.6,18399524,"6,387,277,797.05"
7/2/2021,345.3,345.55,340.5,344.25,344.9,344.9,343.54,360.75,97.3,18304387,"6,288,348,486.95"
7/1/2021,341.5,347.4,341.2,339.6,344.5,344.25,344.48,360.75,97.3,27944816,"9,626,455,276.75"
6/30/2021,342,345.35,338.85,341.55,340,339.6,342.64,360.75,97.3,18277841,"6,262,630,345.30"
6/29/2021,342.65,346.5,339.6,342.8,342.3,341.55,343.24,360.75,97.3,22462297,"7,709,940,478.45"
6/28/2021,340.8,345,337.55,339.65,343,342.8,341,360.75,97.3,17843975,"6,084,880,410.00"
6/25/2021,335.9,342.8,335.9,334.65,339.1,339.65,340.03,360.75,97.3,22426352,"7,625,742,314.95"
6/24/2021,335,337.4,333.35,335.25,335.3,334.65,335.51,360.75,97.3,15580223,"5,227,377,961.40"
6/23/2021,341,343.25,334.3,337.9,335.5,335.25,338.98,360.75,97.3,25741628,"8,725,921,331.25"
6/22/2021,337.1,344.3,336.15,334.3,337.25,337.9,341.06,360.75,97.3,26708459,"9,109,087,248.90"
6/21/2021,330.9,335.8,326.2,337.4,334,334.3,331.38,360.75,97.3,29123887,"9,651,069,904.95"
6/18/2021,345.65,346.9,329,345.65,338.7,337.4,337.3,360.75,91.8,49440514,"16,676,211,279.70"
6/17/2021,348.4,352.9,342.25,349.35,344.9,345.65,347.75,360.75,91.8,29236974,"10,167,301,410.35"
6/16/2021,350.1,356,348.1,352.7,348.35,349.35,351.5,360.75,91.8,27550588,"9,684,074,925.80"
6/15/2021,355.75,360.75,351.5,355.95,352,352.7,356.11,360.75,91.8,35526159,"12,651,139,220.10"
6/14/2021,350.05,357.9,341.1,350.75,355.85,355.95,350.96,358.9,91.8,38482142,"13,505,685,670.35"
6/11/2021,346,352.9,344.35,344.75,350,350.75,349.49,358.9,91.8,36441967,"12,736,254,497.20"
6/10/2021,345.2,347.85,342.4,343.35,345.05,344.75,345.05,358.9,91.8,24351860,"8,402,611,475.95"
6/9/2021,356.2,358.9,339.75,352.75,343.55,343.35,350.63,358.9,91.8,59334814,"20,804,788,075.45"
6/8/2021,346.25,356.65,337.5,345.5,356.5,352.75,346.15,357,91.8,44104954,"15,267,039,550.15"
6/7/2021,339.75,351,339.75,334.95,344.35,345.5,346.4,357,91.8,64986814,"22,511,445,127.60"
6/4/2021,325.15,336.9,324.25,325.65,336.8,334.95,330.33,357,88,41278749,"13,635,697,415.40"
6/3/2021,325.3,327.7,323.65,323,324.95,325.65,325.92,357,88,21408371,"6,977,408,798.45"
6/2/2021,315.95,324.4,315.6,318.1,322.9,323,320.96,357,88,26323777,"8,448,892,334.15"
6/1/2021,319.2,325.7,317.3,318.75,318.3,318.1,320.48,357,88,32595728,"10,446,167,765.05"
5/31/2021,318.7,319.75,312.1,318.75,318.9,318.75,316.65,357,88,30917309,"9,790,007,682.00"
5/28/2021,322.65,324.5,316.5,318.6,319.8,318.75,320.4,357,82.6,26618815,"8,528,640,138.35"
5/27/2021,317.05,323.45,316.55,315.5,319,318.6,320.59,357,82.6,49484106,"15,864,225,963.10"
5/26/2021,316.1,320,314.8,315.25,315.15,315.5,317.63,357,82.6,28639717,"9,096,923,036.75"
5/25/2021,315.55,319,313.85,311.85,314.9,315.25,316.69,357,82.6,37382263,"11,838,548,199.00"
5/24/2021,314.75,315.8,310.2,313.1,311.8,311.85,313.24,357,82.6,31963997,"10,012,299,795.85"
5/21/2021,312,315.7,309.5,307.7,312.4,313.1,312.81,357,79.6,40358753,"12,624,718,438.75"
5/20/2021,316,316.6,306.1,314.45,308,307.7,310.47,357,79.6,54043899,"16,778,950,024.40"
5/19/2021,313,322.95,312.1,332.45,314.1,314.45,316.24,357,79.6,119407026,"37,761,459,386.20"
5/18/2021,325.95,336.65,324,321.1,332,332.45,331.11,357,79.6,86153088,"28,526,171,912.65"
5/17/2021,315.4,323.85,311.4,312.25,321.75,321.1,317.96,357,79.6,51162423,"16,267,582,786.40"
5/14/2021,329.35,329.5,310,326,312.6,312.25,318.19,357,79.6,81305325,"25,870,430,404.85"
5/12/2021,318.25,334.75,316.25,315.55,325.55,326,326.37,357,79.6,111584920,"36,417,910,308.95"
5/11/2021,309.55,320.75,308.1,314.85,314.45,315.55,316.17,357,79.6,58472304,"18,487,036,052.35"
5/10/2021,304.5,315.7,304,302.75,314.35,314.85,310.52,357,79.6,53260388,"16,538,427,981.10"
5/7/2021,303,305.95,300.5,301.25,301.45,302.75,303.34,357,79.6,41591323,"12,616,475,889.85"
5/6/2021,291.5,302,290.3,291.5,301.05,301.25,297.01,357,79.6,45032502,"13,375,217,303.80"
5/5/2021,293.5,293.9,288.5,289.45,292.25,291.5,291.05,357,79.6,29350536,"8,542,557,907.75"
5/4/2021,296.35,299.75,288.05,293,289.95,289.45,293.92,357,79.6,38640006,"11,356,882,614.15"
5/3/2021,289.3,294.75,285,293.85,293.1,293,290.96,357,79.6,35376618,"10,293,317,764.30"
4/30/2021,298.2,301.3,292.55,301.9,293.1,293.85,297.01,357,74.8,36121668,"10,728,487,262.65"
4/29/2021,308.9,310,301.25,305.9,302.2,301.9,304.77,357,74.8,36647292,"11,168,997,900.30"
4/28/2021,303.5,309.5,303,301.5,305.15,305.9,307.22,357,74.8,44668126,"13,722,777,839.30"
4/27/2021,295.7,302.5,295.1,295.4,302.1,301.5,299.05,357,74.8,35040532,"10,478,793,142.15"
4/26/2021,297,299,294.6,294,295.85,295.4,296.48,357,74.8,30583139,"9,067,386,454.95"
4/23/2021,291,300,290.5,294.55,293.2,294,295.04,357,72.55,58158986,"17,159,078,149.65"
4/22/2021,294,302.5,292.2,298.05,294.5,294.55,296.94,357,72.55,61022978,"18,120,454,264.15"
4/20/2021,307.7,308.15,294.2,301.4,297.4,298.05,301.99,357,72.55,56740291,"17,134,933,991.60"
4/19/2021,295,304.5,292.8,310,301.7,301.4,299.92,357,72.55,65791784,"19,732,092,260.55"
4/16/2021,302,315,300.15,303.5,308.75,310,310.71,357,71,75330709,"23,406,077,563.15"
4/15/2021,303,307.55,296.5,302.85,302.2,303.5,301.87,357,71,75262749,"22,719,453,457.45"
4/13/2021,287.25,304.55,280.55,286.55,302,302.85,293.11,357,71,116874853,"34,256,650,888.30"
4/12/2021,307.85,307.85,282.9,318.2,287.5,286.55,292.83,357,71,105342538,"30,847,255,981.55"
4/9/2021,313.2,325,312.5,313.95,317.55,318.2,320.77,357,65.4,75462572,"24,205,900,606.15"
4/8/2021,307.9,319.8,307.5,307.8,314,313.95,315.34,357,65.4,62459774,"19,696,335,826.85"
4/7/2021,306.75,310.65,305.1,307.75,307.65,307.8,308.53,357,65.4,39073986,"12,055,353,692.30"
4/6/2021,306.15,313.8,304.8,305.05,308,307.75,309.29,357,65.4,63031783,"19,495,030,379.85"
4/5/2021,306.8,311.7,297.2,307.75,305.5,305.05,304.12,357,65.4,66178755,"20,126,169,223.85"
4/1/2021,306.75,309.85,303.05,301.8,307.25,307.75,306.29,357,64.8,44088352,"13,503,816,549.80"
3/31/2021,299,307.5,297.5,297.05,301.45,301.8,303.68,357,64.8,58569012,"17,786,399,693.80"
3/30/2021,300.5,301.3,292.7,296.4,297.05,297.05,296.64,357,64.8,45257627,"13,425,325,715.15"
3/26/2021,290.5,301.4,290.5,285.55,296.75,296.4,296.4,357,63.5,80924011,"23,985,534,796.25"
3/25/2021,294,294,282.25,294.45,286,285.55,287.04,357,63.5,84528317,"24,262,713,318.75"
3/24/2021,303.55,305,293.2,307.4,294.75,294.45,299.54,357,63.5,61523819,"18,429,097,083.30"
3/23/2021,305,312.25,304,303.05,306.9,307.4,308.61,357,63.5,60240483,"18,590,765,503.80"
3/22/2021,306.45,307.5,300.1,308.95,302.85,303.05,303.74,357,63.5,56385019,"17,126,178,093.25"
3/19/2021,303.5,311,290.2,307,308.2,308.95,302.07,357,63.5,109932681,"33,207,043,605.15"
3/18/2021,311,316.6,299.75,305.8,308,307,309.64,357,63.5,73731921,"22,830,626,649.15"
3/17/2021,318.6,320,304,319.95,305.5,305.8,312.19,357,63.5,47262481,"14,755,101,722.35"
3/16/2021,321,321.9,315.1,318.55,319,319.95,318.53,357,63.5,39267404,"12,507,925,887.45"
3/15/2021,320,320.4,310.05,317.55,318.2,318.55,314.73,357,63.5,45083228,"14,188,906,470.40"
3/12/2021,325.05,326.5,314.15,321.45,317.45,317.55,320.29,357,63.5,48360842,"15,489,475,023.45"
3/10/2021,319.5,324.45,316.7,315.2,321.75,321.45,321.13,357,63.5,58643853,"18,832,196,592.95"
